ts,name,cpu,mem
2026-09-28T08:15:10,workspace-consumer-1,22.83%,9.582MiB / 256MiB
2026-09-28T08:15:10,workspace-api2-1,1.95%,10.82MiB / 256MiB
2026-09-28T08:15:10,workspace-api1-1,28.46%,22.17MiB / 256MiB
2026-09-28T08:15:10,workspace-redis-1,25.97%,996.5MiB / 2.5GiB
2026-09-28T08:15:10,workspace-nginx-1,11.35%,13.41MiB / 64MiB
2026-09-28T08:15:10,workspace-mysql-1,44.74%,505.1MiB / 1GiB
2026-09-28T08:15:10,workspace-prometheus-1,0.00%,46.29MiB / 15.64GiB
2026-09-28T08:15:13,workspace-consumer-1,25.11%,9.957MiB / 256MiB
2026-09-28T08:15:13,workspace-api2-1,0.00%,10.82MiB / 256MiB
2026-09-28T08:15:13,workspace-api1-1,34.12%,22.16MiB / 256MiB
2026-09-28T08:15:13,workspace-redis-1,44.91%,1007MiB / 2.5GiB
2026-09-28T08:15:13,workspace-nginx-1,15.62%,13.62MiB / 64MiB
2026-09-28T08:15:13,workspace-mysql-1,52.69%,506.7MiB / 1GiB
2026-09-28T08:15:13,workspace-prometheus-1,0.00%,46.29MiB / 15.64GiB
2026-09-28T08:15:16,workspace-consumer-1,16.12%,10.04MiB / 256MiB
2026-09-28T08:15:16,workspace-api1-1,7.10%,22.14MiB / 256MiB
2026-09-28T08:15:16,workspace-redis-1,101.26%,1.009GiB / 2.5GiB
2026-09-28T08:15:16,workspace-nginx-1,3.00%,13.38MiB / 64MiB
2026-09-28T08:15:16,workspace-mysql-1,22.92%,507.7MiB / 1GiB
2026-09-28T08:15:16,workspace-prometheus-1,0.00%,46.29MiB / 15.64GiB
2026-09-28T08:15:19,workspace-consumer-1,8.72%,9.977MiB / 256MiB
2026-09-28T08:15:19,workspace-api1-1,7.73%,22.16MiB / 256MiB
2026-09-28T08:15:19,workspace-redis-1,101.25%,1.016GiB / 2.5GiB
2026-09-28T08:15:19,workspace-nginx-1,3.22%,13.38MiB / 64MiB
2026-09-28T08:15:19,workspace-mysql-1,20.11%,508.1MiB / 1GiB
2026-09-28T08:15:19,workspace-prometheus-1,0.11%,46.3MiB / 15.64GiB
2026-09-28T08:15:22,workspace-consumer-1,9.12%,10.05MiB / 256MiB
2026-09-28T08:15:22,workspace-api2-1,0.31%,7.414MiB / 256MiB
2026-09-28T08:15:22,workspace-api1-1,7.55%,21.79MiB / 256MiB
2026-09-28T08:15:22,workspace-redis-1,7.64%,999.4MiB / 2.5GiB
2026-09-28T08:15:22,workspace-nginx-1,3.02%,13.63MiB / 64MiB
2026-09-28T08:15:22,workspace-mysql-1,19.58%,508.4MiB / 1GiB
2026-09-28T08:15:22,workspace-prometheus-1,0.13%,46.3MiB / 15.64GiB
2026-09-28T08:15:25,workspace-consumer-1,12.30%,10.3MiB / 256MiB
2026-09-28T08:15:25,workspace-api2-1,3.35%,9.254MiB / 256MiB
2026-09-28T08:15:25,workspace-api1-1,11.17%,21.81MiB / 256MiB
2026-09-28T08:15:25,workspace-redis-1,8.58%,999.4MiB / 2.5GiB
2026-09-28T08:15:25,workspace-nginx-1,3.90%,13.4MiB / 64MiB
2026-09-28T08:15:25,workspace-mysql-1,22.73%,509MiB / 1GiB
2026-09-28T08:15:25,workspace-prometheus-1,0.05%,46.29MiB / 15.64GiB
