second,http_reqs,grab_success,grab_replay,grab_sold_out,grab_already,grab_limited,grab_failed,dropped_iterations,p99_ms
2026-09-28T08:32:47,411,329,12,0,70,0,0,0,3.40
2026-09-28T08:32:48,1343,809,78,0,456,0,0,0,16.11
2026-09-28T08:32:49,1947,1159,111,0,672,5,0,0,56.07
2026-09-28T08:32:50,1998,1190,122,0,506,180,0,0,58.75
2026-09-28T08:32:51,2014,1243,110,0,295,366,0,0,56.74
2026-09-28T08:32:52,1508,900,86,0,217,303,2,0,54.36
2026-09-28T08:32:53,0,0,0,0,0,0,0,452,
2026-09-28T08:32:54,2,0,0,0,0,0,2,236,2010.19
2026-09-28T08:32:55,921,0,0,0,0,0,921,40,2518.21
2026-09-28T08:32:56,291,0,0,0,0,0,291,0,206.66
2026-09-28T08:32:57,294,0,0,0,0,0,294,0,296.16
2026-09-28T08:32:58,312,0,0,0,0,0,312,0,219.69
2026-09-28T08:32:59,273,0,0,0,0,0,273,0,200.49
2026-09-28T08:33:00,299,0,0,0,0,0,299,0,282.46
2026-09-28T08:33:01,300,0,0,0,0,0,300,0,341.06
2026-09-28T08:33:02,106,0,0,0,0,0,106,0,262.45
